nid,error,error_num
5262,"Member Daubenton, Louis J.M. (4343) is indicated by bib number but does not appear in creators",5
5262,"Member Daubenton, Louis J.M. (4343) appears in members but not creators",4
5183,"Member Macquer, Pierre J. (4352) is indicated by bib number but does not appear in creators",5
5183,"Member Macquer, Pierre J. (4352) appears in members but not creators",4
5960,"Member Patterson, Robert Sr. (4337) is indicated by bib number but does not appear in creators",5
5960,"Member Patterson, Robert Sr. (4337) appears in members but not creators",4
4742,"Member Adams, John (4296) appears in members but is not accounted for in bib_number 3",2
5394,"Member Adams, Charles (4353) appears in members but is not accounted for in bib_number 391",2
6324,"Member Adams, John (4296) appears in members but is not accounted for in bib_number 451",2
6324,"Member McHenry, James (4279) is indicated by bib number but does not appear in creators",5
6324,"Member McHenry, James (4279) appears in members but not creators",4
6956,"Member Lee, Arthur (4647) is indicated by bib number but does not appear in creators",5
6956,"Member Lee, Arthur (4647) appears in members but not creators",4
6299,"Member Workman, Benjamin (4286) is indicated by bib number but does not appear in creators",5
6299,"Member Workman, Benjamin (4286) appears in members but not creators",4
5517,"Member Lavoisier, Antoine L. (4360) is indicated by bib number but does not appear in creators",5
5517,"Member Lavoisier, Antoine L. (4360) appears in members but not creators",4
5354,"Member Sue, Jean-Baptiste (4257) is indicated by bib number but does not appear in creators",5
5354,"Member Sue, Jean-Baptiste (4257) appears in members but not creators",4
6800,"Member Allen, William (4618) is indicated by bib number but does not appear in creators",5
6800,"Member Allen, William (4618) appears in members but not creators",4
6938,"Member Shippen, Edward IV (4638) is indicated by bib number but does not appear in creators",5
6938,"Member Shippen, Edward IV (4638) appears in members but not creators",4
6359,"Member Cooper, Myles (4443) is indicated by bib number but does not appear in creators",5
6359,"Member Cooper, Myles (4443) appears in members but not creators",4
5274,"Member Daubenton, Louis J.M. (4343) is indicated by bib number but does not appear in creators",5
5274,"Member Daubenton, Louis J.M. (4343) appears in members but not creators",4
6666,"Member Stillman, Samuel (4514) is indicated by bib number but does not appear in creators",5
6666,"Member Stillman, Samuel (4514) appears in members but not creators",4
6649,"Member Stillman, Samuel (4514) is indicated by bib number but does not appear in creators",5
6649,"Member Stillman, Samuel (4514) appears in members but not creators",4
6732,"Member Wharton, Samuel (4434) is indicated by bib number but does not appear in creators",5
6732,"Member Wharton, Samuel (4434) appears in members but not creators",4
5244,"Member Walsh, Robert (4250) appears in members but is not accounted for in bib_number 383",2
5244,"Member Walsh, Robert (4250) appears in members but not creators",4
5643,"Member Dickinson, John (4596) appears in members but is not accounted for in bib_number 368",2
5643,"Member Dickinson, John (4596) appears in members but not creators",4
5890,"Member Lafayette, Motier Theodore (4333) appears in members but is not accounted for in bib_number 389",2
5890,"Member Washington, George (4294) is indicated by bib number but does not appear in creators",5
5890,"Member Lafayette, Motier Theodore (4333) appears in members but not creators",4
5890,"Member Washington, George (4294) appears in members but not creators",4
5093,"Member Raynall, Guillaume T. F. (4351) is indicated by bib number but does not appear in creators",5
5093,"Member Raynall, Guillaume T. F. (4351) appears in members but not creators",4
6618,"Member Cullen, William (4529) is indicated by bib number but does not appear in creators",5
6618,"Member Cullen, William (4529) appears in members but not creators",4
5175,"Member Macquer, Pierre J. (4352) is indicated by bib number but does not appear in creators",5
5175,"Member Macquer, Pierre J. (4352) appears in members but not creators",4
6012,"Member Belknap, Jeremy (4318) is indicated by bib number but does not appear in creators",5
6012,"Member Belknap, Jeremy (4318) appears in members but not creators",4
7042,"Member Colden, Cadwallader (4672) is indicated by bib number but does not appear in creators",5
7042,"Member Colden, Cadwallader (4672) appears in members but not creators",4
6162,"Member Gage, Thomas (4416) is indicated by bib number but does not appear in creators",5
6162,"Member Gage, Thomas (4416) appears in members but not creators",4
6782,"Member Watts, Stephen (4572) is indicated by bib number but does not appear in creators",5
6782,"Member Watts, Stephen (4572) appears in members but not creators",4
5276,"Member Daubenton, Louis J.M. (4343) appears in members but is not accounted for in bib_number 231",2
5276,"Member Buffon, Georges-Louis LeClerc, Comte de (4479) is indicated by bib number but does not appear in creators",5
5276,"Member Buffon, Georges-Louis LeClerc, Comte de (4479) appears in members but not creators",4
5276,"Member Daubenton, Louis J.M. (4343) appears in members but not creators",4
6466,"Member White, William (4522) is indicated by bib number but does not appear in creators",5
6466,"Member White, William (4522) appears in members but not creators",4
6626,"Member Cullen, William (4529) is indicated by bib number but does not appear in creators",5
6626,"Member Cullen, William (4529) appears in members but not creators",4
6310,"Member Hermelin, Samuel G. (4271) is indicated by bib number but does not appear in creators",5
6310,"Member Hermelin, Samuel G. (4271) appears in members but not creators",4
6786,"Member Odell, Jonathan (4622) is indicated by bib number but does not appear in creators",5
6786,"Member Odell, Jonathan (4622) appears in members but not creators",4
6546,"Member Mayer, Christian (4495) is indicated by bib number but does not appear in creators",5
6546,"Member Mayer, Christian (4495) appears in members but not creators",4
4827,"Member Condorcet, M.J.A.N. Caritat (4355) is indicated by bib number but does not appear in creators",5
4827,"Member Condorcet, M.J.A.N. Caritat (4355) appears in members but not creators",4
7006,"Member Alison, Francis (4653) is indicated by bib number but does not appear in creators",5
7006,"Member Alison, Francis (4653) appears in members but not creators",4
6383,"Member Stiles, Ezra (4616) is indicated by bib number but does not appear in creators",5
6383,"Member Stiles, Ezra (4616) appears in members but not creators",4
6986,"Member Mason, Charles (4642) is indicated by bib number but does not appear in creators",5
6986,"Member Mason, Charles (4642) appears in members but not creators",4
6595,"Member Holyoke, Edward A. (4507) is indicated by bib number but does not appear in creators",5
6595,"Member Holyoke, Edward A. (4507) appears in members but not creators",4
4882,"Member Edwards, Bryan (4400) is indicated by bib number but does not appear in creators",5
4882,"Member Edwards, Bryan (4400) appears in members but not creators",4
5886,"Member Jefferson, Thomas (4311) is indicated by bib number but does not appear in creators",5
5886,"Member Jefferson, Thomas (4311) appears in members but not creators",4
6745,"Member Bringhurst, Joseph (4484) is indicated by bib number but does not appear in creators",5
6745,"Member Bringhurst, Joseph (4484) appears in members but not creators",4
6372,"Member Winthrop, John (4617) is indicated by bib number but does not appear in creators",5
6372,"Member Winthrop, John (4617) appears in members but not creators",4
6461,"Member White, William (4522) is indicated by bib number but does not appear in creators",5
6461,"Member White, William (4522) appears in members but not creators",4
6729,"Member Belcher, Jonathan (4576) is indicated by bib number but does not appear in creators",5
6729,"Member Belcher, Jonathan (4576) appears in members but not creators",4
5861,"Member Jefferson, Thomas (4311) is indicated by bib number but does not appear in creators",5
5861,"Member Jefferson, Thomas (4311) appears in members but not creators",4
5177,"Member Macquer, Pierre J. (4352) is indicated by bib number but does not appear in creators",5
5177,"Member Macquer, Pierre J. (4352) appears in members but not creators",4
4913,"Member Ferguson, James (4377) is indicated by bib number but does not appear in creators",5
4913,"Member Ferguson, James (4377) appears in members but not creators",4
5806,"Member Campomanes, Pedro Rodriguez (4265) is indicated by bib number but does not appear in creators",5
5806,"Member Campomanes, Pedro Rodriguez (4265) appears in members but not creators",4
5311,"Member Vergennes, Charles G. (4258) is indicated by bib number but does not appear in creators",5
5311,"Member Vergennes, Charles G. (4258) appears in members but not creators",4
6092,"Member Stiles, Ezra (4616) is indicated by bib number but does not appear in creators",5
6092,"Member Stiles, Ezra (4616) appears in members but not creators",4
6720,"Member Nicola, Lewis (4521) is indicated by bib number but does not appear in creators",5
6720,"Member Nicola, Lewis (4521) appears in members but not creators",4
6614,"Member Davidson, James (4492) is indicated by bib number but does not appear in creators",5
6614,"Member Davidson, James (4492) appears in members but not creators",4
5522,"Member Mandrillion, Joseph (4277) is indicated by bib number but does not appear in creators",5
5522,"Member Mandrillion, Joseph (4277) appears in members but not creators",4
5737,"Member Priestley, Joseph (4278) is indicated by bib number but does not appear in creators",5
5737,"Member Priestley, Joseph (4278) appears in members but not creators",4
5606,"Member Madison, James (4276) is indicated by bib number but does not appear in creators",5
5606,"Member Madison, James (4276) appears in members but not creators",4
6332,"Member Cutler, Manasseh (4273) is indicated by bib number but does not appear in creators",5
6332,"Member Cutler, Manasseh (4273) appears in members but not creators",4
6349,"Member Gage, Thomas (4416) is indicated by bib number but does not appear in creators",5
6349,"Member Gage, Thomas (4416) appears in members but not creators",4
6911,"Member Galloway, Joseph (4612) is indicated by bib number but does not appear in creators",5
6911,"Member Galloway, Joseph (4612) appears in members but not creators",4
5779,"Member Fontana, Felice (4336) is indicated by bib number but does not appear in creators",5
5779,"Member Fontana, Felice (4336) appears in members but not creators",4
5579,"Member Herschel, William (4281) is indicated by bib number but does not appear in creators",5
5579,"Member Herschel, William (4281) appears in members but not creators",4
6625,"Member Rush, Benjamin (4614) appears in members but is not accounted for in bib_number 179",2
6151,"Member Gibbons, Thomas (4350) is indicated by bib number but does not appear in creators",5
6151,"Member Gibbons, Thomas (4350) appears in members but not creators",4
5021,"Member Williams, Samuel (4372) is indicated by bib number but does not appear in creators",5
5021,"Member Williams, Samuel (4372) appears in members but not creators",4
6616,"Member Davidson, James (4492) is indicated by bib number but does not appear in creators",5
6616,"Member Davidson, James (4492) appears in members but not creators",4
6914,"Member Chew, Benjamin Sr. (4613) is indicated by bib number but does not appear in creators",5
6914,"Member Chew, Benjamin Sr. (4613) appears in members but not creators",4
5140,"Member Magaw, Samuel (4320) is indicated by bib number but does not appear in creators",5
5140,"Member Magaw, Samuel (4320) appears in members but not creators",4
6932,"Member McKean, Thomas (4646) is indicated by bib number but does not appear in creators",5
6932,"Member McKean, Thomas (4646) appears in members but not creators",4
5272,"Member Daubenton, Louis J.M. (4343) is indicated by bib number but does not appear in creators",5
5272,"Member Daubenton, Louis J.M. (4343) appears in members but not creators",4
5500,"Member Lavoisier, Antoine L. (4360) is indicated by bib number but does not appear in creators",5
5500,"Member Lavoisier, Antoine L. (4360) appears in members but not creators",4
4831,"Member Jefferson, Thomas (4311) appears in members but is not accounted for in bib_number 367",2
4831,"Member Condorcet, M.J.A.N. Caritat (4355) is indicated by bib number but does not appear in creators",5
4831,"Member Condorcet, M.J.A.N. Caritat (4355) appears in members but not creators",4
4831,"Member Jefferson, Thomas (4311) appears in members but not creators",4
6707,"Member Dick, Sir Alexander (4511) is indicated by bib number but does not appear in creators",5
6707,"Member Dick, Sir Alexander (4511) appears in members but not creators",4
6704,"Member Dick, Sir Alexander (4511) is indicated by bib number but does not appear in creators",5
6704,"Member Dick, Sir Alexander (4511) appears in members but not creators",4
6705,"Member Dick, Sir Alexander (4511) is indicated by bib number but does not appear in creators",5
6705,"Member Dick, Sir Alexander (4511) appears in members but not creators",4
6958,"Member Dickinson, John (4596) appears in members but is not accounted for in bib_number 103",2
6855,"Member Dickinson, John (4596) appears in members but is not accounted for in bib_number 65",2
6855,"Member Smith, William (1727-1803), Provost (4609) is indicated by bib number but does not appear in creators",5
6855,"Member Smith, William (1727-1803), Provost (4609) appears in members but not creators",4
5298,"Member Bordley, John Beale (4334) is indicated by bib number but does not appear in creators",5
5298,"Member Bordley, John Beale (4334) appears in members but not creators",4
6141,"Member Gibbons, Thomas (4350) is indicated by bib number but does not appear in creators",5
6141,"Member Gibbons, Thomas (4350) appears in members but not creators",4
5003,"Member Dolland, Peter (4409) is indicated by bib number but does not appear in creators",5
5003,"Member Dolland, Peter (4409) appears in members but not creators",4
5004,"Member Dolland, Peter (4409) is indicated by bib number but does not appear in creators",5
5004,"Member Dolland, Peter (4409) appears in members but not creators",4
5005,"Member Dolland, Peter (4409) is indicated by bib number but does not appear in creators",5
5005,"Member Dolland, Peter (4409) appears in members but not creators",4
5006,"Member Dolland, Peter (4409) is indicated by bib number but does not appear in creators",5
5006,"Member Dolland, Peter (4409) appears in members but not creators",4
5007,"Member Dolland, Peter (4409) is indicated by bib number but does not appear in creators",5
5007,"Member Dolland, Peter (4409) appears in members but not creators",4
5008,"Member Dolland, Peter (4409) is indicated by bib number but does not appear in creators",5
5008,"Member Dolland, Peter (4409) appears in members but not creators",4
5464,"Member Lavoisier, Antoine L. (4360) is indicated by bib number but does not appear in creators",5
5464,"Member Lavoisier, Antoine L. (4360) appears in members but not creators",4
5304,"Member Vergennes, Charles G. (4258) is indicated by bib number but does not appear in creators",5
5304,"Member Vergennes, Charles G. (4258) appears in members but not creators",4
6936,"Member Duffield, George (4304) appears in members but is not accounted for in bib_number 66",2
6936,"Member Ewing, John (4639) is indicated by bib number but does not appear in creators",5
6936,"Member Ewing, John (4639) appears in members but not creators",4
6351,"Member Dwarris, Fortunatus (4361) is indicated by bib number but does not appear in creators",5
6351,"Member Dwarris, Fortunatus (4361) appears in members but not creators",4
5051,"Member Prime, Ebenezer (4457) is indicated by bib number but does not appear in creators",5
5051,"Member Prime, Ebenezer (4457) appears in members but not creators",4
6010,"Member Belknap, Jeremy (4318) is indicated by bib number but does not appear in creators",5
6010,"Member Belknap, Jeremy (4318) appears in members but not creators",4
5715,"Member Priestley, Joseph (4278) is indicated by bib number but does not appear in creators",5
5715,"Member Priestley, Joseph (4278) appears in members but not creators",4
6085,"Member Kunze, J.C. (4295) is indicated by bib number but does not appear in creators",5
6085,"Member Kunze, J.C. (4295) appears in members but not creators",4
6465,"Member White, William (4522) is indicated by bib number but does not appear in creators",5
6465,"Member White, William (4522) appears in members but not creators",4
6860,"Member Smith, William (1727-1803), Provost (4609) is indicated by bib number but does not appear in creators",5
6860,"Member Smith, William (1727-1803), Provost (4609) appears in members but not creators",4
6498,"Member White, William (4522) is indicated by bib number but does not appear in creators",5
6498,"Member White, William (4522) appears in members but not creators",4
6471,"Member White, William (4522) is indicated by bib number but does not appear in creators",5
6471,"Member White, William (4522) appears in members but not creators",4
5647,"Member Madison, Bishop James (4297) is indicated by bib number but does not appear in creators",5
5647,"Member Madison, Bishop James (4297) appears in members but not creators",4
6494,"Member White, William (4522) is indicated by bib number but does not appear in creators",5
6494,"Member White, William (4522) appears in members but not creators",4
5444,"Member Helmuth, J.H.C. (4317) is indicated by bib number but does not appear in creators",5
5444,"Member Helmuth, J.H.C. (4317) appears in members but not creators",4
5512,"Member Lavoisier, Antoine L. (4360) is indicated by bib number but does not appear in creators",5
5512,"Member Lavoisier, Antoine L. (4360) appears in members but not creators",4
6489,"Member White, William (4522) is indicated by bib number but does not appear in creators",5
6489,"Member White, William (4522) appears in members but not creators",4
6334,"Member Cutler, Manasseh (4273) is indicated by bib number but does not appear in creators",5
6334,"Member Cutler, Manasseh (4273) appears in members but not creators",4
6331,"Member Cutler, Manasseh (4273) is indicated by bib number but does not appear in creators",5
6331,"Member Cutler, Manasseh (4273) appears in members but not creators",4
6788,"Member Wells, Richard (4623) is indicated by bib number but does not appear in creators",5
6788,"Member Wells, Richard (4623) appears in members but not creators",4
6706,"Member Dick, Sir Alexander (4511) is indicated by bib number but does not appear in creators",5
6706,"Member Dick, Sir Alexander (4511) appears in members but not creators",4
5294,"Member Bordley, John Beale (4334) is indicated by bib number but does not appear in creators",5
5294,"Member Bordley, John Beale (4334) appears in members but not creators",4
5463,"Member Lavoisier, Antoine L. (4360) is indicated by bib number but does not appear in creators",5
5463,"Member Lavoisier, Antoine L. (4360) appears in members but not creators",4
5906,"Member Coste, Jean F. (4327) is indicated by bib number but does not appear in creators",5
5906,"Member Coste, Jean F. (4327) appears in members but not creators",4
6279,"Member Urbain du Bouexic, Luc (4253) is indicated by bib number but does not appear in creators",5
6279,"Member Urbain du Bouexic, Luc (4253) appears in members but not creators",4
5094,"Member Raynall, Guillaume T. F. (4351) is indicated by bib number but does not appear in creators",5
5094,"Member Raynall, Guillaume T. F. (4351) appears in members but not creators",4
5895,"Member Washington, George (4294) is indicated by bib number but does not appear in creators",5
5895,"Member Washington, George (4294) appears in members but not creators",4
5257,"Member Barbe-Marbois, Francois (4300) is indicated by bib number but does not appear in creators",5
5257,"Member Barbe-Marbois, Francois (4300) appears in members but not creators",4
5258,"Member Barbe-Marbois, Francois (4300) is indicated by bib number but does not appear in creators",5
5258,"Member Barbe-Marbois, Francois (4300) appears in members but not creators",4
5207,"Member Barbe-Marbois, Francois (4300) is indicated by bib number but does not appear in creators",5
5207,"Member Barbe-Marbois, Francois (4300) appears in members but not creators",4
5239,"Member Barbe-Marbois, Francois (4300) is indicated by bib number but does not appear in creators",5
5239,"Member Barbe-Marbois, Francois (4300) appears in members but not creators",4
5240,"Member Barbe-Marbois, Francois (4300) is indicated by bib number but does not appear in creators",5
5240,"Member Barbe-Marbois, Francois (4300) appears in members but not creators",4
5241,"Member Barbe-Marbois, Francois (4300) is indicated by bib number but does not appear in creators",5
5241,"Member Barbe-Marbois, Francois (4300) appears in members but not creators",4
5213,"Member Barbe-Marbois, Francois (4300) is indicated by bib number but does not appear in creators",5
5213,"Member Barbe-Marbois, Francois (4300) appears in members but not creators",4
5227,"Member Barbe-Marbois, Francois (4300) is indicated by bib number but does not appear in creators",5
5227,"Member Barbe-Marbois, Francois (4300) appears in members but not creators",4
5231,"Member Barbe-Marbois, Francois (4300) is indicated by bib number but does not appear in creators",5
5231,"Member Barbe-Marbois, Francois (4300) appears in members but not creators",4
5237,"Member Barbe-Marbois, Francois (4300) is indicated by bib number but does not appear in creators",5
5237,"Member Barbe-Marbois, Francois (4300) appears in members but not creators",4
5238,"Member Barbe-Marbois, Francois (4300) is indicated by bib number but does not appear in creators",5
5238,"Member Barbe-Marbois, Francois (4300) appears in members but not creators",4
5200,"Member Barbe-Marbois, Francois (4300) is indicated by bib number but does not appear in creators",5
5200,"Member Barbe-Marbois, Francois (4300) appears in members but not creators",4
5201,"Member Barbe-Marbois, Francois (4300) is indicated by bib number but does not appear in creators",5
5201,"Member Barbe-Marbois, Francois (4300) appears in members but not creators",4
5209,"Member Barbe-Marbois, Francois (4300) is indicated by bib number but does not appear in creators",5
5209,"Member Barbe-Marbois, Francois (4300) appears in members but not creators",4
5210,"Member Barbe-Marbois, Francois (4300) is indicated by bib number but does not appear in creators",5
5210,"Member Barbe-Marbois, Francois (4300) appears in members but not creators",4
5211,"Member Barbe-Marbois, Francois (4300) is indicated by bib number but does not appear in creators",5
5211,"Member Barbe-Marbois, Francois (4300) appears in members but not creators",4
5212,"Member Barbe-Marbois, Francois (4300) is indicated by bib number but does not appear in creators",5
5212,"Member Barbe-Marbois, Francois (4300) appears in members but not creators",4
5214,"Member Barbe-Marbois, Francois (4300) is indicated by bib number but does not appear in creators",5
5214,"Member Barbe-Marbois, Francois (4300) appears in members but not creators",4
5217,"Member Barbe-Marbois, Francois (4300) is indicated by bib number but does not appear in creators",5
5217,"Member Barbe-Marbois, Francois (4300) appears in members but not creators",4
5218,"Member Barbe-Marbois, Francois (4300) is indicated by bib number but does not appear in creators",5
5218,"Member Barbe-Marbois, Francois (4300) appears in members but not creators",4
5219,"Member Barbe-Marbois, Francois (4300) is indicated by bib number but does not appear in creators",5
5219,"Member Barbe-Marbois, Francois (4300) appears in members but not creators",4
5192,"Member Barbe-Marbois, Francois (4300) is indicated by bib number but does not appear in creators",5
5192,"Member Barbe-Marbois, Francois (4300) appears in members but not creators",4
5251,"Member Barbe-Marbois, Francois (4300) is indicated by bib number but does not appear in creators",5
5251,"Member Barbe-Marbois, Francois (4300) appears in members but not creators",4
5254,"Member Barbe-Marbois, Francois (4300) is indicated by bib number but does not appear in creators",5
5254,"Member Barbe-Marbois, Francois (4300) appears in members but not creators",4
5091,"Member Raynall, Guillaume T. F. (4351) is indicated by bib number but does not appear in creators",5
5091,"Member Raynall, Guillaume T. F. (4351) appears in members but not creators",4
5925,"Member Coste, Jean F. (4327) is indicated by bib number but does not appear in creators",5
5925,"Member Coste, Jean F. (4327) appears in members but not creators",4
5107,"Member Raynall, Guillaume T. F. (4351) is indicated by bib number but does not appear in creators",5
5107,"Member Raynall, Guillaume T. F. (4351) appears in members but not creators",4
6371,"Member Franklin, Benjamin (4249) appears in members but is not accounted for in bib_number 106",2
5317,"Member Vergennes, Charles G. (4258) is indicated by bib number but does not appear in creators",5
5317,"Member Vergennes, Charles G. (4258) appears in members but not creators",4
5317,"Creator Franklin, Benjamin, 1706-1790 (member 4249) appears in creators but not members",6
8018,"Member Franklin, Benjamin (4249) appears in members but is not accounted for in bib_number 465",2
4745,"Member Franklin, William Temple (9993) appears in members but is not accounted for in bib_number 3",2
6857,"Member Smith, William (1727-1803), Provost (4609) is indicated by bib number but does not appear in creators",5
6857,"Member Smith, William (1727-1803), Provost (4609) appears in members but not creators",4
6540,"Member Mayer, Christian (4495) is indicated by bib number but does not appear in creators",5
6540,"Member Mayer, Christian (4495) appears in members but not creators",4
6664,"Member Stillman, Samuel (4514) is indicated by bib number but does not appear in creators",5
6664,"Member Stillman, Samuel (4514) appears in members but not creators",4
5122,"Member Chastellux, Francois J. (4315) is indicated by bib number but does not appear in creators",5
5122,"Member Chastellux, Francois J. (4315) appears in members but not creators",4
5770,"Member Fontana, Felice (4336) is indicated by bib number but does not appear in creators",5
5770,"Member Fontana, Felice (4336) appears in members but not creators",4
6095,"Member Stiles, Ezra (4616) is indicated by bib number but does not appear in creators",5
6095,"Member Stiles, Ezra (4616) appears in members but not creators",4
6517,"Member Bergius, Peter Jonas (4497) is indicated by bib number but does not appear in creators",5
6517,"Member Bergius, Peter Jonas (4497) appears in members but not creators",4
5312,"Member Gerard de Rayneval, Conrad A. (4303) appears in members but is not accounted for in bib_number 431",2
5312,"Member Vergennes, Charles G. (4258) is indicated by bib number but does not appear in creators",5
5312,"Member Vergennes, Charles G. (4258) appears in members but not creators",4
6124,"Member Gibbons, Thomas (4350) is indicated by bib number but does not appear in creators",5
6124,"Member Gibbons, Thomas (4350) appears in members but not creators",4
4738,"Member Franklin, Benjamin (4249) is indicated by bib number but does not appear in creators",5
4738,"Member Franklin, Benjamin (4249) appears in members but not creators",4
7030,"Member Godfrey, Thomas (4704) is indicated by bib number but does not appear in creators",5
7030,"Member Godfrey, Thomas (4704) appears in members but not creators",4
7031,"Member Godfrey, Thomas (4704) is indicated by bib number but does not appear in creators",5
7031,"Member Godfrey, Thomas (4704) appears in members but not creators",4
7032,"Member Godfrey, Thomas (4704) is indicated by bib number but does not appear in creators",5
7032,"Member Godfrey, Thomas (4704) appears in members but not creators",4
5840,"Member Jefferson, Thomas (4311) is indicated by bib number but does not appear in creators",5
5840,"Member Jefferson, Thomas (4311) appears in members but not creators",4
6101,"Member Stiles, Ezra (4616) is indicated by bib number but does not appear in creators",5
6101,"Member Stiles, Ezra (4616) appears in members but not creators",4
6300,"Member Workman, Benjamin (4286) is indicated by bib number but does not appear in creators",5
6300,"Member Workman, Benjamin (4286) appears in members but not creators",4
6718,"Member Nicola, Lewis (4521) is indicated by bib number but does not appear in creators",5
6718,"Member Nicola, Lewis (4521) appears in members but not creators",4
6735,"Member Franklin, Benjamin (4249) appears in members but is not accounted for in bib_number 260",2
6735,"Member Franklin, Benjamin (4249) appears in members but not creators",4
4788,"Member Maskelyne, Nevil (4370) is indicated by bib number but does not appear in creators",5
4788,"Member Maskelyne, Nevil (4370) appears in members but not creators",4
6905,"Member Galloway, Joseph (4612) is indicated by bib number but does not appear in creators",5
6905,"Member Galloway, Joseph (4612) appears in members but not creators",4
6275,"Member Griffiths, Samuel Powel (4255) is indicated by bib number but does not appear in creators",5
6275,"Member Griffiths, Samuel Powel (4255) appears in members but not creators",4
6276,"Member Griffiths, Samuel Powel (4255) is indicated by bib number but does not appear in creators",5
6276,"Member Griffiths, Samuel Powel (4255) appears in members but not creators",4
7016,"Member Clayton, John (4655) is indicated by bib number but does not appear in creators",5
7016,"Member Clayton, John (4655) appears in members but not creators",4
5496,"Member Lavoisier, Antoine L. (4360) is indicated by bib number but does not appear in creators",5
5496,"Member Lavoisier, Antoine L. (4360) appears in members but not creators",4
5548,"Member Herschel, William (4281) is indicated by bib number but does not appear in creators",5
5548,"Member Herschel, William (4281) appears in members but not creators",4
5539,"Member Herschel, William (4281) is indicated by bib number but does not appear in creators",5
5539,"Member Herschel, William (4281) appears in members but not creators",4
4781,"Member Maskelyne, Nevil (4370) is indicated by bib number but does not appear in creators",5
4781,"Member Maskelyne, Nevil (4370) appears in members but not creators",4
6386,"Member Stiles, Ezra (4616) is indicated by bib number but does not appear in creators",5
6386,"Member Stiles, Ezra (4616) appears in members but not creators",4
6099,"Member Stiles, Ezra (4616) is indicated by bib number but does not appear in creators",5
6099,"Member Stiles, Ezra (4616) appears in members but not creators",4
5665,"Member Priestley, Joseph (4278) is indicated by bib number but does not appear in creators",5
5665,"Member Priestley, Joseph (4278) appears in members but not creators",4
5324,"Member Smith, Samuel S. (4285) is indicated by bib number but does not appear in creators",5
5324,"Member Smith, Samuel S. (4285) appears in members but not creators",4
5334,"Member Smith, Samuel S. (4285) is indicated by bib number but does not appear in creators",5
5334,"Member Smith, Samuel S. (4285) appears in members but not creators",4
5114,"Member Raynall, Guillaume T. F. (4351) is indicated by bib number but does not appear in creators",5
5114,"Member Raynall, Guillaume T. F. (4351) appears in members but not creators",4
6309,"Member Hermelin, Samuel G. (4271) is indicated by bib number but does not appear in creators",5
6309,"Member Hermelin, Samuel G. (4271) appears in members but not creators",4
6311,"Member Hermelin, Samuel G. (4271) is indicated by bib number but does not appear in creators",5
6311,"Member Hermelin, Samuel G. (4271) appears in members but not creators",4
6312,"Member Hermelin, Samuel G. (4271) is indicated by bib number but does not appear in creators",5
6312,"Member Hermelin, Samuel G. (4271) appears in members but not creators",4
6313,"Member Hermelin, Samuel G. (4271) is indicated by bib number but does not appear in creators",5
6313,"Member Hermelin, Samuel G. (4271) appears in members but not creators",4
6314,"Member Hermelin, Samuel G. (4271) is indicated by bib number but does not appear in creators",5
6314,"Member Hermelin, Samuel G. (4271) appears in members but not creators",4
6316,"Member Hermelin, Samuel G. (4271) is indicated by bib number but does not appear in creators",5
6316,"Member Hermelin, Samuel G. (4271) appears in members but not creators",4
5584,"Member Herschel, William (4281) is indicated by bib number but does not appear in creators",5
5584,"Member Herschel, William (4281) appears in members but not creators",4
6871,"Member Rittenhouse, David (4606) is indicated by bib number but does not appear in creators",5
6871,"Member Rittenhouse, David (4606) appears in members but not creators",4
6604,"Member Hopkinson, Francis (4580) is indicated by bib number but does not appear in creators",5
6604,"Member Hopkinson, Francis (4580) appears in members but not creators",4
6165,"Member Gage, Thomas (4416) is indicated by bib number but does not appear in creators",5
6165,"Member Gage, Thomas (4416) appears in members but not creators",4
6102,"Member Stiles, Ezra (4616) is indicated by bib number but does not appear in creators",5
6102,"Member Stiles, Ezra (4616) appears in members but not creators",4
6647,"Member Hopkinson, Francis (4580) appears in members but is not accounted for in bib_number 153",2
6966,"Member Hopkinson, Francis (4580) appears in members but is not accounted for in bib_number 39",2
6966,"Member Clymer, George (4695) is indicated by bib number but does not appear in creators",5
6966,"Member Clymer, George (4695) appears in members but not creators",4
6837,"Member Hopkinson, Francis (4580) appears in members but is not accounted for in bib_number 65",2
6837,"Member Smith, William (1727-1803), Provost (4609) is indicated by bib number but does not appear in creators",5
6837,"Member Smith, William (1727-1803), Provost (4609) appears in members but not creators",4
6462,"Member White, William (4522) is indicated by bib number but does not appear in creators",5
6462,"Member White, William (4522) appears in members but not creators",4
5889,"Member Jefferson, Thomas (4311) is indicated by bib number but does not appear in creators",5
5889,"Member Jefferson, Thomas (4311) appears in members but not creators",4
6248,"Member Dickinson, John (4596) is indicated by bib number but does not appear in creators",5
6248,"Member Dickinson, John (4596) appears in members but not creators",4
5000,"Member Smith, William (1727-1803), Provost (4609) appears in members but is not accounted for in bib_number 328",2
6370,"Member Winthrop, John (4617) is indicated by bib number but does not appear in creators",5
6370,"Member Winthrop, John (4617) appears in members but not creators",4
4784,"Member Maskelyne, Nevil (4370) is indicated by bib number but does not appear in creators",5
4784,"Member Maskelyne, Nevil (4370) appears in members but not creators",4
6767,"Member Cirillo, Domenico Maria Leone (4509) is indicated by bib number but does not appear in creators",5
6767,"Member Cirillo, Domenico Maria Leone (4509) appears in members but not creators",4
6813,"Member Barton, Thomas (4570) appears in members but is not accounted for in bib_number 65",2
6813,"Member Duché, Jacob Jr. (4578) appears in members but is not accounted for in bib_number 65",2
6813,"Member Hopkinson, Francis (4580) appears in members but is not accounted for in bib_number 65",2
6813,"Member Jackson, Paul (4694) appears in members but is not accounted for in bib_number 65",2
6813,"Member Magaw, Samuel (4320) appears in members but is not accounted for in bib_number 65",2
6813,"Member Smith, William (1727-1803), Provost (4609) is indicated by bib number but does not appear in creators",5
6813,"Member Barton, Thomas (4570) appears in members but not creators",4
6813,"Member Duché, Jacob Jr. (4578) appears in members but not creators",4
6813,"Member Hopkinson, Francis (4580) appears in members but not creators",4
6813,"Member Magaw, Samuel (4320) appears in members but not creators",4
6813,"Member Smith, William (1727-1803), Provost (4609) appears in members but not creators",4
4887,"Member Edwards, Bryan (4400) is indicated by bib number but does not appear in creators",5
4887,"Member Edwards, Bryan (4400) appears in members but not creators",4
6816,"Member Smith, William (1727-1803), Provost (4609) is indicated by bib number but does not appear in creators",5
6816,"Member Smith, William (1727-1803), Provost (4609) appears in members but not creators",4
5601,"Member Jay, John (4310) appears in members but is not accounted for in bib_number 457",2
5601,"Member Madison, James (4276) is indicated by bib number but does not appear in creators",5
5601,"Member Madison, James (4276) appears in members but not creators",4
5822,"Member Madison, James (4276) appears in members but is not accounted for in bib_number 380",2
5822,"Member Madison, James (4276) appears in members but not creators",4
5615,"Member Jefferson, Thomas (4311) appears in members but is not accounted for in bib_number 457",2
5615,"Member Madison, James (4276) is indicated by bib number but does not appear in creators",5
5615,"Member Madison, James (4276) appears in members but not creators",4
5837,Member matching this bib number does not exist: 574,1
5371,"Member Muhlenberg, Henry E. (4272) is indicated by bib number but does not appear in creators",5
5371,"Member Muhlenberg, Henry E. (4272) appears in members but not creators",4
6490,"Member White, William (4522) is indicated by bib number but does not appear in creators",5
6490,"Member White, William (4522) appears in members but not creators",4
5590,"Member Jay, John (4310) is indicated by bib number but does not appear in creators",5
5590,"Member Jay, John (4310) appears in members but not creators",4
6575,"Member Livingston, William (4535) is indicated by bib number but does not appear in creators",5
6575,"Member Livingston, William (4535) appears in members but not creators",4
6984,"Member Kinnersley, Ebenezer (4648) appears in members but is not accounted for in bib_number 58",2
6984,"Member Johnson, William (4665) is indicated by bib number but does not appear in creators",5
6984,"Member Johnson, William (4665) appears in members but not creators",4
6784,"Member Hall, David (4569) is indicated by bib number but does not appear in creators",5
6784,"Member Hall, David (4569) appears in members but not creators",4
5558,"Member Ferguson, James (4377) appears in members but is not accounted for in bib_number 442",2
5558,"Member Herschel, William (4281) is indicated by bib number but does not appear in creators",5
5558,"Member Ferguson, James (4377) appears in members but not creators",4
5558,"Member Herschel, William (4281) appears in members but not creators",4
6315,"Member Hermelin, Samuel G. (4271) is indicated by bib number but does not appear in creators",5
6315,"Member Hermelin, Samuel G. (4271) appears in members but not creators",4
5270,"Member Lavoisier, Antoine L. (4360) appears in members but is not accounted for in bib_number 358",2
5270,"Member Daubenton, Louis J.M. (4343) is indicated by bib number but does not appear in creators",5
5270,"Member Daubenton, Louis J.M. (4343) appears in members but not creators",4
5270,"Member Lavoisier, Antoine L. (4360) appears in members but not creators",4
5264,"Member Lavoisier, Antoine L. (4360) appears in members but is not accounted for in bib_number 358",2
5264,"Member Daubenton, Louis J.M. (4343) is indicated by bib number but does not appear in creators",5
5264,"Member Daubenton, Louis J.M. (4343) appears in members but not creators",4
5264,"Member Lavoisier, Antoine L. (4360) appears in members but not creators",4
5266,"Member Lavoisier, Antoine L. (4360) appears in members but is not accounted for in bib_number 358",2
5266,"Member Daubenton, Louis J.M. (4343) is indicated by bib number but does not appear in creators",5
5266,"Member Daubenton, Louis J.M. (4343) appears in members but not creators",4
5266,"Member Lavoisier, Antoine L. (4360) appears in members but not creators",4
5180,"Member Macquer, Pierre J. (4352) is indicated by bib number but does not appear in creators",5
5180,"Member Macquer, Pierre J. (4352) appears in members but not creators",4
5476,"Member Le Roy, Jean B. (4391) appears in members but is not accounted for in bib_number 362",2
5476,"Member Le Roy, Jean B. (4391) appears in members but not creators",4
5457,"Member Lavoisier, Antoine L. (4360) is indicated by bib number but does not appear in creators",5
5457,"Member Lavoisier, Antoine L. (4360) appears in members but not creators",4
8017,"Member Franklin, Benjamin (4249) appears in members but is not accounted for in bib_number 465",2
8017,"Member Franklin, Benjamin (4249) appears in members but not creators",4
8028,"Member Franklin, Benjamin (4249) appears in members but is not accounted for in bib_number 465",2
8028,"Member Franklin, Benjamin (4249) appears in members but not creators",4
6868,"Member Rittenhouse, David (4606) is indicated by bib number but does not appear in creators",5
6868,"Member Rittenhouse, David (4606) appears in members but not creators",4
4879,"Member Edwards, Bryan (4400) is indicated by bib number but does not appear in creators",5
4879,"Member Edwards, Bryan (4400) appears in members but not creators",4
4909,"Member Duncan, Andrew (4347) is indicated by bib number but does not appear in creators",5
4909,"Member Duncan, Andrew (4347) appears in members but not creators",4
5540,"Member Herschel, William (4281) is indicated by bib number but does not appear in creators",5
5540,"Member Herschel, William (4281) appears in members but not creators",4
6768,"Member Linnaeus, Carolus (4438) appears in members but is not accounted for in bib_number 171",2
6768,"Member Cirillo, Domenico Maria Leone (4509) is indicated by bib number but does not appear in creators",5
6768,"Member Cirillo, Domenico Maria Leone (4509) appears in members but not creators",4
5859,"Member Jefferson, Thomas (4311) is indicated by bib number but does not appear in creators",5
5859,"Member Jefferson, Thomas (4311) appears in members but not creators",4
6773,"Member Kearsley, John Sr. (4588) is indicated by bib number but does not appear in creators",5
6773,"Member Kearsley, John Sr. (4588) appears in members but not creators",4
5029,"Member Fothergill, John (4445) is indicated by bib number but does not appear in creators",5
5029,"Member Fothergill, John (4445) appears in members but not creators",4
5030,"Member Fothergill, John (4445) is indicated by bib number but does not appear in creators",5
5030,"Member Fothergill, John (4445) appears in members but not creators",4
5095,"Member Raynall, Guillaume T. F. (4351) is indicated by bib number but does not appear in creators",5
5095,"Member Raynall, Guillaume T. F. (4351) appears in members but not creators",4
6267,"Member Angivillier, Charles C. Labillarderie (4264) is indicated by bib number but does not appear in creators",5
6267,"Member Angivillier, Charles C. Labillarderie (4264) appears in members but not creators",4
5865,"Member Jefferson, Thomas (4311) is indicated by bib number but does not appear in creators",5
5865,"Member Jefferson, Thomas (4311) appears in members but not creators",4
4990,"Member Ludlam, William (4414) is indicated by bib number but does not appear in creators",5
4990,"Member Ludlam, William (4414) appears in members but not creators",4
6080,"Member Kunze, J.C. (4295) is indicated by bib number but does not appear in creators",5
6080,"Member Kunze, J.C. (4295) appears in members but not creators",4
5176,"Member Lavoisier, Antoine L. (4360) appears in members but is not accounted for in bib_number 370",2
5176,"Member Lavoisier, Antoine L. (4360) appears in members but not creators",4
5644,"Member Madison, Bishop James (4297) is indicated by bib number but does not appear in creators",5
5644,"Member Madison, Bishop James (4297) appears in members but not creators",4
5645,"Member Madison, Bishop James (4297) is indicated by bib number but does not appear in creators",5
5645,"Member Madison, Bishop James (4297) appears in members but not creators",4
5646,"Member Madison, Bishop James (4297) is indicated by bib number but does not appear in creators",5
5646,"Member Madison, Bishop James (4297) appears in members but not creators",4
5648,"Member Madison, Bishop James (4297) is indicated by bib number but does not appear in creators",5
5648,"Member Madison, Bishop James (4297) appears in members but not creators",4
5649,"Member Madison, Bishop James (4297) is indicated by bib number but does not appear in creators",5
5649,"Member Madison, Bishop James (4297) appears in members but not creators",4
5650,"Member Madison, Bishop James (4297) is indicated by bib number but does not appear in creators",5
5650,"Member Madison, Bishop James (4297) appears in members but not creators",4
5651,"Member Madison, Bishop James (4297) is indicated by bib number but does not appear in creators",5
5651,"Member Madison, Bishop James (4297) appears in members but not creators",4
5604,"Member Jefferson, Thomas (4311) appears in members but is not accounted for in bib_number 457",2
5604,"Member Jefferson, Thomas (4311) appears in members but not creators",4
5459,"Member de Magellan, John H. (4322) appears in members but is not accounted for in bib_number 362",2
5459,"Member Lavoisier, Antoine L. (4360) is indicated by bib number but does not appear in creators",5
5459,"Member Lavoisier, Antoine L. (4360) appears in members but not creators",4
6392,"Member Magaw, Samuel (4320) appears in members but is not accounted for in bib_number 114",2
6392,"Member Rush, Benjamin (4614) is indicated by bib number but does not appear in creators",5
6392,"Member Rush, Benjamin (4614) appears in members but not creators",4
5807,"Member Campomanes, Pedro Rodriguez (4265) is indicated by bib number but does not appear in creators",5
5807,"Member Campomanes, Pedro Rodriguez (4265) appears in members but not creators",4
6365,"Member Johnson, Sir William (4417) is indicated by bib number but does not appear in creators",5
6365,"Member Johnson, Sir William (4417) appears in members but not creators",4
6387,"Member Stiles, Ezra (4616) is indicated by bib number but does not appear in creators",5
6387,"Member Stiles, Ezra (4616) appears in members but not creators",4
6016,"Member Belknap, Jeremy (4318) is indicated by bib number but does not appear in creators",5
6016,"Member Belknap, Jeremy (4318) appears in members but not creators",4
5310,"Member Vergennes, Charles G. (4258) is indicated by bib number but does not appear in creators",5
5310,"Member Vergennes, Charles G. (4258) appears in members but not creators",4
5803,"Member Campomanes, Pedro Rodriguez (4265) is indicated by bib number but does not appear in creators",5
5803,"Member Campomanes, Pedro Rodriguez (4265) appears in members but not creators",4
6679,"Member Bacon, Thomas (4541) is indicated by bib number but does not appear in creators",5
6679,"Member Bacon, Thomas (4541) appears in members but not creators",4
6933,"Member Maskelyne, Nevil (4370) appears in members but is not accounted for in bib_number 151",2
6933,"Member Mason, Charles (4642) appears in members but is not accounted for in bib_number 151",2
6933,"Member Dixon, Jeremiah (4645) is indicated by bib number but does not appear in creators",5
6933,"Member Dixon, Jeremiah (4645) appears in members but not creators",4
6731,"Member Oliver, Andrew (4575) is indicated by bib number but does not appear in creators",5
6731,"Member Oliver, Andrew (4575) appears in members but not creators",4
6730,"Member Oliver, Andrew (4575) is indicated by bib number but does not appear in creators",5
6730,"Member Oliver, Andrew (4575) appears in members but not creators",4
6166,"Member Gage, Thomas (4416) is indicated by bib number but does not appear in creators",5
6166,"Member Gage, Thomas (4416) appears in members but not creators",4
6985,"Member Mason, Charles (4642) is indicated by bib number but does not appear in creators",5
6985,"Member Mason, Charles (4642) appears in members but not creators",4
4830,"Member Condorcet, M.J.A.N. Caritat (4355) is indicated by bib number but does not appear in creators",5
4830,"Member Condorcet, M.J.A.N. Caritat (4355) appears in members but not creators",4
7022,"Member McKean, Thomas (4646) appears in members but is not accounted for in bib_number 34",2
5915,"Member Coste, Jean F. (4327) is indicated by bib number but does not appear in creators",5
5915,"Member Coste, Jean F. (4327) appears in members but not creators",4
6539,"Member Mayer, Christian (4495) is indicated by bib number but does not appear in creators",5
6539,"Member Mayer, Christian (4495) appears in members but not creators",4
6423,"Member Michailis, Christian F. (4274) appears in members but is not accounted for in bib_number 114",2
6423,"Member Rush, Benjamin (4614) is indicated by bib number but does not appear in creators",5
6423,"Member Rush, Benjamin (4614) appears in members but not creators",4
6395,"Member Rush, Benjamin (4614) is indicated by bib number but does not appear in creators",5
6395,"Member Rush, Benjamin (4614) appears in members but not creators",4
6395,"Creator Michaelis, Christian Friedrich, 1754-1814 (member 4274) appears in creators but not members",6
6717,"Member Miller, Peter (4524) is indicated by bib number but does not appear in creators",5
6717,"Member Miller, Peter (4524) appears in members but not creators",4
6711,"Member Miller, Peter (4524) is indicated by bib number but does not appear in creators",5
6711,"Member Miller, Peter (4524) appears in members but not creators",4
6712,"Member Miller, Peter (4524) is indicated by bib number but does not appear in creators",5
6712,"Member Miller, Peter (4524) appears in members but not creators",4
6714,"Member Miller, Peter (4524) is indicated by bib number but does not appear in creators",5
6714,"Member Miller, Peter (4524) appears in members but not creators",4
6715,"Member Miller, Peter (4524) is indicated by bib number but does not appear in creators",5
6715,"Member Miller, Peter (4524) appears in members but not creators",4
6716,"Member Miller, Peter (4524) is indicated by bib number but does not appear in creators",5
6716,"Member Miller, Peter (4524) appears in members but not creators",4
6713,"Member Miller, Peter (4524) is indicated by bib number but does not appear in creators",5
6713,"Member Miller, Peter (4524) appears in members but not creators",4
5969,"Member Patterson, Robert Sr. (4337) is indicated by bib number but does not appear in creators",5
5969,"Member Patterson, Robert Sr. (4337) appears in members but not creators",4
5940,"Member Patterson, Robert Sr. (4337) is indicated by bib number but does not appear in creators",5
5940,"Member Patterson, Robert Sr. (4337) appears in members but not creators",4
5968,"Member Patterson, Robert Sr. (4337) is indicated by bib number but does not appear in creators",5
5968,"Member Patterson, Robert Sr. (4337) appears in members but not creators",4
6050,"Member Sue, Jean-Joseph (4302) is indicated by bib number but does not appear in creators",5
6050,"Member Sue, Jean-Joseph (4302) appears in members but not creators",4
5507,"Member Macquer, Pierre J. (4352) appears in members but is not accounted for in bib_number 362",2
5507,"Member Lavoisier, Antoine L. (4360) is indicated by bib number but does not appear in creators",5
5507,"Member Lavoisier, Antoine L. (4360) appears in members but not creators",4
5507,"Member Macquer, Pierre J. (4352) appears in members but not creators",4
5494,"Member Lavoisier, Antoine L. (4360) is indicated by bib number but does not appear in creators",5
5494,"Member Lavoisier, Antoine L. (4360) appears in members but not creators",4
5849,"Member Jefferson, Thomas (4311) is indicated by bib number but does not appear in creators",5
5849,"Member Jefferson, Thomas (4311) appears in members but not creators",4
6173,"Member Drinker, John (4449) is indicated by bib number but does not appear in creators",5
6173,"Member Drinker, John (4449) appears in members but not creators",4
6918,"Member Pemberton, James (4604) is indicated by bib number but does not appear in creators",5
6918,"Member Pemberton, James (4604) appears in members but not creators",4
6496,"Member White, William (4522) is indicated by bib number but does not appear in creators",5
6496,"Member White, William (4522) appears in members but not creators",4
5811,"Member Campomanes, Pedro Rodriguez (4265) is indicated by bib number but does not appear in creators",5
5811,"Member Campomanes, Pedro Rodriguez (4265) appears in members but not creators",4
6589,"Member Scull, William (4482) is indicated by bib number but does not appear in creators",5
6589,"Member Scull, William (4482) appears in members but not creators",4
5164,"Member Court de Gebilin, Antoine (4328) is indicated by bib number but does not appear in creators",5
5164,"Member Court de Gebilin, Antoine (4328) appears in members but not creators",4
5403,"Member Nairne, Edward (4379) is indicated by bib number but does not appear in creators",5
5403,"Member Nairne, Edward (4379) appears in members but not creators",4
7026,"Member Franklin, William (4691) is indicated by bib number but does not appear in creators",5
7026,"Member Franklin, William (4691) appears in members but not creators",4
6633,"Member Stockton, Richard (4537) is indicated by bib number but does not appear in creators",5
6633,"Member Stockton, Richard (4537) appears in members but not creators",4
6632,"Member Galloway, Joseph (4612) appears in members but is not accounted for in bib_number 198",2
6632,"Member Galloway, Joseph (4612) appears in members but not creators",4
7023,"Member Franklin, William (4691) is indicated by bib number but does not appear in creators",5
7023,"Member Franklin, William (4691) appears in members but not creators",4
7048,"Member Colden, Cadwallader (4672) is indicated by bib number but does not appear in creators",5
7048,"Member Colden, Cadwallader (4672) appears in members but not creators",4
7052,"Member Colden, Cadwallader (4672) is indicated by bib number but does not appear in creators",5
7052,"Member Colden, Cadwallader (4672) appears in members but not creators",4
7053,"Member Colden, Cadwallader (4672) is indicated by bib number but does not appear in creators",5
7053,"Member Colden, Cadwallader (4672) appears in members but not creators",4
5603,"Member Madison, James (4276) is indicated by bib number but does not appear in creators",5
5603,"Member Madison, James (4276) appears in members but not creators",4
6749,"Member Cirillo, Domenico Maria Leone (4509) is indicated by bib number but does not appear in creators",5
6749,"Member Cirillo, Domenico Maria Leone (4509) appears in members but not creators",4
5353,"Member de Magellan, John H. (4322) is indicated by bib number but does not appear in creators",5
5353,"Member de Magellan, John H. (4322) appears in members but not creators",4
5380,"Member von Steuben, Friedrich W. (4301) is indicated by bib number but does not appear in creators",5
5380,"Member von Steuben, Friedrich W. (4301) appears in members but not creators",4
6728,"Member Belcher, Jonathan (4576) is indicated by bib number but does not appear in creators",5
6728,"Member Belcher, Jonathan (4576) appears in members but not creators",4
5373,"Member von Steuben, Friedrich W. (4301) is indicated by bib number but does not appear in creators",5
5373,"Member von Steuben, Friedrich W. (4301) appears in members but not creators",4
4977,"Member Oliver, Andrew (4402) is indicated by bib number but does not appear in creators",5
4977,"Member Oliver, Andrew (4402) appears in members but not creators",4
4978,"Member Oliver, Andrew (4402) is indicated by bib number but does not appear in creators",5
4978,"Member Oliver, Andrew (4402) appears in members but not creators",4
6533,"Member Mayer, Christian (4495) is indicated by bib number but does not appear in creators",5
6533,"Member Mayer, Christian (4495) appears in members but not creators",4
5959,"Member Patterson, Robert Sr. (4337) is indicated by bib number but does not appear in creators",5
5959,"Member Patterson, Robert Sr. (4337) appears in members but not creators",4
5961,"Member Ferguson, James (4377) appears in members but is not accounted for in bib_number 406",2
5961,"Member Patterson, Robert Sr. (4337) is indicated by bib number but does not appear in creators",5
5961,"Member Ferguson, James (4377) appears in members but not creators",4
5961,"Member Patterson, Robert Sr. (4337) appears in members but not creators",4
5962,"Member Patterson, Robert Sr. (4337) is indicated by bib number but does not appear in creators",5
5962,"Member Patterson, Robert Sr. (4337) appears in members but not creators",4
5963,"Member Patterson, Robert Sr. (4337) is indicated by bib number but does not appear in creators",5
5963,"Member Patterson, Robert Sr. (4337) appears in members but not creators",4
5964,"Member Ferguson, James (4377) appears in members but is not accounted for in bib_number 406",2
5964,"Member Patterson, Robert Sr. (4337) is indicated by bib number but does not appear in creators",5
5964,"Member Ferguson, James (4377) appears in members but not creators",4
5964,"Member Patterson, Robert Sr. (4337) appears in members but not creators",4
5965,"Member Patterson, Robert Sr. (4337) is indicated by bib number but does not appear in creators",5
5965,"Member Patterson, Robert Sr. (4337) appears in members but not creators",4
5966,"Member Patterson, Robert Sr. (4337) is indicated by bib number but does not appear in creators",5
5966,"Member Patterson, Robert Sr. (4337) appears in members but not creators",4
5970,"Member Patterson, Robert Sr. (4337) is indicated by bib number but does not appear in creators",5
5970,"Member Patterson, Robert Sr. (4337) appears in members but not creators",4
5971,"Member Patterson, Robert Sr. (4337) is indicated by bib number but does not appear in creators",5
5971,"Member Patterson, Robert Sr. (4337) appears in members but not creators",4
5972,"Member Patterson, Robert Sr. (4337) is indicated by bib number but does not appear in creators",5
5972,"Member Patterson, Robert Sr. (4337) appears in members but not creators",4
5973,"Member Patterson, Robert Sr. (4337) is indicated by bib number but does not appear in creators",5
5973,"Member Patterson, Robert Sr. (4337) appears in members but not creators",4
5941,"Member Patterson, Robert Sr. (4337) is indicated by bib number but does not appear in creators",5
5941,"Member Patterson, Robert Sr. (4337) appears in members but not creators",4
5942,"Member Patterson, Robert Sr. (4337) is indicated by bib number but does not appear in creators",5
5942,"Member Patterson, Robert Sr. (4337) appears in members but not creators",4
5943,"Member Patterson, Robert Sr. (4337) is indicated by bib number but does not appear in creators",5
5943,"Member Patterson, Robert Sr. (4337) appears in members but not creators",4
5931,"Member Patterson, Robert Sr. (4337) is indicated by bib number but does not appear in creators",5
5931,"Member Patterson, Robert Sr. (4337) appears in members but not creators",4
5932,"Member Patterson, Robert Sr. (4337) is indicated by bib number but does not appear in creators",5
5932,"Member Patterson, Robert Sr. (4337) appears in members but not creators",4
5933,"Member Ferguson, James (4377) appears in members but is not accounted for in bib_number 406",2
5933,"Member Patterson, Robert Sr. (4337) is indicated by bib number but does not appear in creators",5
5933,"Member Ferguson, James (4377) appears in members but not creators",4
5933,"Member Patterson, Robert Sr. (4337) appears in members but not creators",4
5934,"Member Patterson, Robert Sr. (4337) is indicated by bib number but does not appear in creators",5
5934,"Member Patterson, Robert Sr. (4337) appears in members but not creators",4
5935,"Member Patterson, Robert Sr. (4337) is indicated by bib number but does not appear in creators",5
5935,"Member Patterson, Robert Sr. (4337) appears in members but not creators",4
5936,"Member Patterson, Robert Sr. (4337) is indicated by bib number but does not appear in creators",5
5936,"Member Patterson, Robert Sr. (4337) appears in members but not creators",4
5938,"Member Patterson, Robert Sr. (4337) is indicated by bib number but does not appear in creators",5
5938,"Member Patterson, Robert Sr. (4337) appears in members but not creators",4
5939,"Member Patterson, Robert Sr. (4337) is indicated by bib number but does not appear in creators",5
5939,"Member Patterson, Robert Sr. (4337) appears in members but not creators",4
6935,"Member Patterson, Robert Sr. (4337) appears in members but is not accounted for in bib_number 66",2
6935,"Member Ewing, John (4639) is indicated by bib number but does not appear in creators",5
6935,"Member Ewing, John (4639) appears in members but not creators",4
6935,"Member Patterson, Robert Sr. (4337) appears in members but not creators",4
5501,"Member Lavoisier, Antoine L. (4360) is indicated by bib number but does not appear in creators",5
5501,"Member Lavoisier, Antoine L. (4360) appears in members but not creators",4
6917,"Member Pemberton, James (4604) is indicated by bib number but does not appear in creators",5
6917,"Member Pemberton, James (4604) appears in members but not creators",4
6491,"Member White, William (4522) is indicated by bib number but does not appear in creators",5
6491,"Member White, William (4522) appears in members but not creators",4
6923,"Member McKean, Thomas (4646) is indicated by bib number but does not appear in creators",5
6923,"Member McKean, Thomas (4646) appears in members but not creators",4
6924,"Member McKean, Thomas (4646) is indicated by bib number but does not appear in creators",5
6924,"Member McKean, Thomas (4646) appears in members but not creators",4
6912,"Member Galloway, Joseph (4612) is indicated by bib number but does not appear in creators",5
6912,"Member Galloway, Joseph (4612) appears in members but not creators",4
6797,"Member Mifflin, Thomas (4599) is indicated by bib number but does not appear in creators",5
6797,"Member Mifflin, Thomas (4599) appears in members but not creators",4
6794,"Member Smith, Jonathan Bayard (4632) is indicated by bib number but does not appear in creators",5
6794,"Member Smith, Jonathan Bayard (4632) appears in members but not creators",4
6940,"Member Shippen, Edward IV (4638) is indicated by bib number but does not appear in creators",5
6940,"Member Shippen, Edward IV (4638) appears in members but not creators",4
6586,"Member Reed, Joseph (1741-1785) (4531) is indicated by bib number but does not appear in creators",5
6586,"Member Reed, Joseph (1741-1785) (4531) appears in members but not creators",4
6875,"Member Hillegas, Michael (4581) appears in members but is not accounted for in bib_number 61",2
6875,"Member Rittenhouse, David (4606) is indicated by bib number but does not appear in creators",5
6875,"Member Hillegas, Michael (4581) appears in members but not creators",4
6875,"Member Rittenhouse, David (4606) appears in members but not creators",4
6873,"Member Rittenhouse, David (4606) is indicated by bib number but does not appear in creators",5
6873,"Member Rittenhouse, David (4606) appears in members but not creators",4
6872,"Member Rittenhouse, David (4606) is indicated by bib number but does not appear in creators",5
6872,"Member Rittenhouse, David (4606) appears in members but not creators",4
6853,"Member Rittenhouse, David (4606) is indicated by bib number but does not appear in creators",5
6853,"Member Rittenhouse, David (4606) appears in members but not creators",4
6851,"Member Rittenhouse, David (4606) is indicated by bib number but does not appear in creators",5
6851,"Member Rittenhouse, David (4606) appears in members but not creators",4
6850,"Member Rittenhouse, David (4606) is indicated by bib number but does not appear in creators",5
6850,"Member Rittenhouse, David (4606) appears in members but not creators",4
6848,"Member Rittenhouse, David (4606) is indicated by bib number but does not appear in creators",5
6848,"Member Rittenhouse, David (4606) appears in members but not creators",4
6847,"Member Rittenhouse, David (4606) is indicated by bib number but does not appear in creators",5
6847,"Member Rittenhouse, David (4606) appears in members but not creators",4
7981,Member matching this bib number does not exist: Publication,1
8009,Member matching this bib number does not exist: Publication,1
8011,Member matching this bib number does not exist: Publication,1
8012,Member matching this bib number does not exist: Publication,1
7974,Member matching this bib number does not exist: Publication,1
7975,Member matching this bib number does not exist: Publication,1
7979,Member matching this bib number does not exist: Publication,1
7985,Member matching this bib number does not exist: Publication,1
7986,Member matching this bib number does not exist: Publication,1
7988,Member matching this bib number does not exist: Publication,1
7989,Member matching this bib number does not exist: Publication,1
7991,Member matching this bib number does not exist: Publication,1
7993,Member matching this bib number does not exist: Publication,1
7995,Member matching this bib number does not exist: Publication,1
7996,Member matching this bib number does not exist: Publication,1
7997,Member matching this bib number does not exist: Publication,1
7999,Member matching this bib number does not exist: Publication,1
8001,Member matching this bib number does not exist: Publication,1
8001,"Member Franklin, Benjamin (4249) appears in members but not creators",4
8003,Member matching this bib number does not exist: Publication,1
8006,Member matching this bib number does not exist: Publication,1
8007,Member matching this bib number does not exist: Publication,1
7980,Member matching this bib number does not exist: Publication,1
5928,"Member Coste, Jean F. (4327) is indicated by bib number but does not appear in creators",5
5928,"Member Coste, Jean F. (4327) appears in members but not creators",4
5498,"Member Condorcet, M.J.A.N. Caritat (4355) appears in members but is not accounted for in bib_number 362",2
5498,"Member Lavoisier, Antoine L. (4360) is indicated by bib number but does not appear in creators",5
5498,"Member Condorcet, M.J.A.N. Caritat (4355) appears in members but not creators",4
5498,"Member Lavoisier, Antoine L. (4360) appears in members but not creators",4
6171,"Member Drinker, John (4449) is indicated by bib number but does not appear in creators",5
6171,"Member Drinker, John (4449) appears in members but not creators",4
6175,"Member Drinker, John (4449) is indicated by bib number but does not appear in creators",5
6175,"Member Drinker, John (4449) appears in members but not creators",4
6170,"Member Drinker, John (4449) is indicated by bib number but does not appear in creators",5
6170,"Member Drinker, John (4449) appears in members but not creators",4
6172,"Member Drinker, John (4449) is indicated by bib number but does not appear in creators",5
6172,"Member Drinker, John (4449) appears in members but not creators",4
6098,"Member Stiles, Ezra (4616) is indicated by bib number but does not appear in creators",5
6098,"Member Stiles, Ezra (4616) appears in members but not creators",4
6543,"Member Mayer, Christian (4495) is indicated by bib number but does not appear in creators",5
6543,"Member Mayer, Christian (4495) appears in members but not creators",4
6176,"Member Rozier, Jean F. (4357) is indicated by bib number but does not appear in creators",5
6176,"Member Rozier, Jean F. (4357) appears in members but not creators",4
6179,"Member Rozier, Jean F. (4357) is indicated by bib number but does not appear in creators",5
6179,"Member Rozier, Jean F. (4357) appears in members but not creators",4
6180,"Member Rozier, Jean F. (4357) is indicated by bib number but does not appear in creators",5
6180,"Member Rozier, Jean F. (4357) appears in members but not creators",4
5602,"Member Madison, James (4276) is indicated by bib number but does not appear in creators",5
5602,"Member Madison, James (4276) appears in members but not creators",4
5808,"Member Campomanes, Pedro Rodriguez (4265) is indicated by bib number but does not appear in creators",5
5808,"Member Campomanes, Pedro Rodriguez (4265) appears in members but not creators",4
7017,"Member Post, Christian Frederick (4528) appears in members but is not accounted for in bib_number 26",2
5769,"Member Fontana, Felice (4336) is indicated by bib number but does not appear in creators",5
5769,"Member Fontana, Felice (4336) appears in members but not creators",4
6008,"Member Priestley, Joseph (4278) appears in members but is not accounted for in bib_number 449",2
6008,"Member Price, Richard (4288) is indicated by bib number but does not appear in creators",5
6008,"Member Price, Richard (4288) appears in members but not creators",4
5867,"Member Jefferson, Thomas (4311) is indicated by bib number but does not appear in creators",5
5867,"Member Jefferson, Thomas (4311) appears in members but not creators",4
6640,"Member Duché, Jacob Jr. (4578) is indicated by bib number but does not appear in creators",5
6640,"Member Duché, Jacob Jr. (4578) appears in members but not creators",4
6246,"Member Raynall, Guillaume T. F. (4351) appears in members but is not accounted for in bib_number 85",2
6246,"Member Dickinson, John (4596) is indicated by bib number but does not appear in creators",5
6246,"Member Dickinson, John (4596) appears in members but not creators",4
6094,"Member Stiles, Ezra (4616) is indicated by bib number but does not appear in creators",5
6094,"Member Stiles, Ezra (4616) appears in members but not creators",4
6585,"Member Reed, Joseph (1741-1785) (4531) is indicated by bib number but does not appear in creators",5
6585,"Member Reed, Joseph (1741-1785) (4531) appears in members but not creators",4
5319,"Member Morton, Charles (4365) is indicated by bib number but does not appear in creators",5
5319,"Member Morton, Charles (4365) appears in members but not creators",4
6385,"Member Stiles, Ezra (4616) is indicated by bib number but does not appear in creators",5
6385,"Member Stiles, Ezra (4616) appears in members but not creators",4
6538,"Member Mayer, Christian (4495) is indicated by bib number but does not appear in creators",5
6538,"Member Mayer, Christian (4495) appears in members but not creators",4
6178,"Member Rozier, Jean F. (4357) is indicated by bib number but does not appear in creators",5
6178,"Member Rozier, Jean F. (4357) appears in members but not creators",4
5455,"Member Condorcet, M.J.A.N. Caritat (4355) appears in members but is not accounted for in bib_number 362",2
5455,"Member Lavoisier, Antoine L. (4360) is indicated by bib number but does not appear in creators",5
5455,"Member Condorcet, M.J.A.N. Caritat (4355) appears in members but not creators",4
5455,"Member Lavoisier, Antoine L. (4360) appears in members but not creators",4
5011,"Member Laurens, Henry (4405) is indicated by bib number but does not appear in creators",5
5011,"Member Laurens, Henry (4405) appears in members but not creators",4
5306,"Member Vergennes, Charles G. (4258) is indicated by bib number but does not appear in creators",5
5306,"Member Vergennes, Charles G. (4258) appears in members but not creators",4
5314,"Member Vergennes, Charles G. (4258) is indicated by bib number but does not appear in creators",5
5314,"Member Vergennes, Charles G. (4258) appears in members but not creators",4
4803,"Member Maskelyne, Nevil (4370) is indicated by bib number but does not appear in creators",5
4803,"Member Maskelyne, Nevil (4370) appears in members but not creators",4
6474,"Member White, William (4522) is indicated by bib number but does not appear in creators",5
6474,"Member White, William (4522) appears in members but not creators",4
6424,"Member Michailis, Christian F. (4274) appears in members but is not accounted for in bib_number 114",2
6424,"Member Michailis, Christian F. (4274) appears in members but not creators",4
4922,"Member Ferguson, James (4377) is indicated by bib number but does not appear in creators",5
4922,"Member Ferguson, James (4377) appears in members but not creators",4
6326,"Member Cutler, Manasseh (4273) is indicated by bib number but does not appear in creators",5
6326,"Member Cutler, Manasseh (4273) appears in members but not creators",4
6710,"Member Savile, Sir George (4517) is indicated by bib number but does not appear in creators",5
6710,"Member Savile, Sir George (4517) appears in members but not creators",4
6709,"Member Savile, Sir George (4517) is indicated by bib number but does not appear in creators",5
6709,"Member Savile, Sir George (4517) appears in members but not creators",4
6708,"Member Savile, Sir George (4517) is indicated by bib number but does not appear in creators",5
6708,"Member Savile, Sir George (4517) appears in members but not creators",4
6829,"Member Smith, William (1727-1803), Provost (4609) is indicated by bib number but does not appear in creators",5
6829,"Member Smith, William (1727-1803), Provost (4609) appears in members but not creators",4
5605,"Member Madison, James (4276) is indicated by bib number but does not appear in creators",5
5605,"Member Madison, James (4276) appears in members but not creators",4
6578,"Member Scott, John Morin (4536) appears in members but is not accounted for in bib_number 196",2
6578,"Member Livingston, William (4535) is indicated by bib number but does not appear in creators",5
6578,"Member Livingston, William (4535) appears in members but not creators",4
6330,"Member Cutler, Manasseh (4273) is indicated by bib number but does not appear in creators",5
6330,"Member Cutler, Manasseh (4273) appears in members but not creators",4
5058,"Member Michailis, Christian F. (4274) is indicated by bib number but does not appear in creators",5
5058,"Member Michailis, Christian F. (4274) appears in members but not creators",4
6470,"Member White, William (4522) is indicated by bib number but does not appear in creators",5
6470,"Member White, William (4522) appears in members but not creators",4
4715,"Member Franklin, Benjamin (4249) is indicated by bib number but does not appear in creators",5
4715,"Member Franklin, Benjamin (4249) appears in members but not creators",4
6047,"Member Sue, Jean-Joseph (4302) is indicated by bib number but does not appear in creators",5
6047,"Member Sue, Jean-Joseph (4302) appears in members but not creators",4
6777,"Member Peters, Richard (4586) is indicated by bib number but does not appear in creators",5
6777,"Member Peters, Richard (4586) appears in members but not creators",4
5384,"Member von Steuben, Friedrich W. (4301) is indicated by bib number but does not appear in creators",5
5384,"Member von Steuben, Friedrich W. (4301) appears in members but not creators",4
6630,"Member Smith, Samuel (4540) is indicated by bib number but does not appear in creators",5
6630,"Member Smith, Samuel (4540) appears in members but not creators",4
6629,"Member Smith, Samuel (4540) is indicated by bib number but does not appear in creators",5
6629,"Member Smith, Samuel (4540) appears in members but not creators",4
6628,"Member Smith, Samuel (4540) is indicated by bib number but does not appear in creators",5
6628,"Member Smith, Samuel (4540) appears in members but not creators",4
7036,"Member Smith, William (1697–1769) (4664) appears in members but is not accounted for in bib_number 10",2
7036,"Member Alexander, James (d. 1756) (4666) is indicated by bib number but does not appear in creators",5
7036,"Member Alexander, James (d. 1756) (4666) appears in members but not creators",4
7038,"Member Smith, William (1697–1769) (4664) appears in members but is not accounted for in bib_number 10",2
7038,"Member Alexander, James (d. 1756) (4666) is indicated by bib number but does not appear in creators",5
7038,"Member Alexander, James (d. 1756) (4666) appears in members but not creators",4
6965,"Member Smith, William (1727-1803), Provost (4609) appears in members but is not accounted for in bib_number 38",2
6965,"Member Jackson, Paul (4694) is indicated by bib number but does not appear in creators",5
6965,"Member Jackson, Paul (4694) appears in members but not creators",4
6568,"Member Livingston, William (4535) is indicated by bib number but does not appear in creators",5
6568,"Member Livingston, William (4535) appears in members but not creators",4
6571,"Member Livingston, William (4535) is indicated by bib number but does not appear in creators",5
6571,"Member Livingston, William (4535) appears in members but not creators",4
6572,"Member Livingston, William (4535) is indicated by bib number but does not appear in creators",5
6572,"Member Livingston, William (4535) appears in members but not creators",4
6639,"Member Livingston, William (4535) appears in members but is not accounted for in bib_number 197",2
6639,"Member Scott, John Morin (4536) is indicated by bib number but does not appear in creators",5
6639,"Member Livingston, William (4535) appears in members but not creators",4
6639,"Member Scott, John Morin (4536) appears in members but not creators",4
5056,"Member Michailis, Christian F. (4274) is indicated by bib number but does not appear in creators",5
5056,"Member Michailis, Christian F. (4274) appears in members but not creators",4
5187,"Member Barbe-Marbois, Francois (4300) is indicated by bib number but does not appear in creators",5
5187,"Member Barbe-Marbois, Francois (4300) appears in members but not creators",4
6579,"Member Livingston, William (4535) is indicated by bib number but does not appear in creators",5
6579,"Member Livingston, William (4535) appears in members but not creators",4
6174,"Member Drinker, John (4449) is indicated by bib number but does not appear in creators",5
6174,"Member Drinker, John (4449) appears in members but not creators",4
6971,"Member Waln, Nicholas (4683) is indicated by bib number but does not appear in creators",5
6971,"Member Waln, Nicholas (4683) appears in members but not creators",4
6167,"Member Drinker, John (4449) is indicated by bib number but does not appear in creators",5
6167,"Member Drinker, John (4449) appears in members but not creators",4
6920,"Member Pemberton, James (4604) is indicated by bib number but does not appear in creators",5
6920,"Member Pemberton, James (4604) appears in members but not creators",4
6972,"Member Waln, Nicholas (4683) is indicated by bib number but does not appear in creators",5
6972,"Member Waln, Nicholas (4683) appears in members but not creators",4
6701,"Member Chalmers, Lionel (4544) is indicated by bib number but does not appear in creators",5
6701,"Member Chalmers, Lionel (4544) appears in members but not creators",4
6245,"Member Dickinson, John (4596) is indicated by bib number but does not appear in creators",5
6245,"Member Dickinson, John (4596) appears in members but not creators",4
5809,"Member Campomanes, Pedro Rodriguez (4265) is indicated by bib number but does not appear in creators",5
5809,"Member Campomanes, Pedro Rodriguez (4265) appears in members but not creators",4
5793,"Member Campomanes, Pedro Rodriguez (4265) is indicated by bib number but does not appear in creators",5
5793,"Member Campomanes, Pedro Rodriguez (4265) appears in members but not creators",4
6785,Member matching this bib number does not exist: xxx,1
6785,"Member Odell, Jonathan (4622) appears in members but not creators",4
7075,Member matching this bib number does not exist: unassigned,1
7064,"Member Bartram, John (4703) is indicated by bib number but does not appear in creators",5
7064,"Member Bartram, John (4703) appears in members but not creators",4
6335,"Member Cutler, Manasseh (4273) is indicated by bib number but does not appear in creators",5
6335,"Member Cutler, Manasseh (4273) appears in members but not creators",4
6046,"Member Sue, Jean-Baptiste (4257) appears in members but is not accounted for in bib_number 374",2
6159,"Member Gibbons, Thomas (4350) is indicated by bib number but does not appear in creators",5
6159,"Member Gibbons, Thomas (4350) appears in members but not creators",4
7005,"Member Alison, Francis (4653) is indicated by bib number but does not appear in creators",5
7005,"Member Alison, Francis (4653) appears in members but not creators",4
6617,"Member Cullen, William (4529) is indicated by bib number but does not appear in creators",5
6617,"Member Cullen, William (4529) appears in members but not creators",4
5987,"Member Price, Richard (4288) is indicated by bib number but does not appear in creators",5
5987,"Member Price, Richard (4288) appears in members but not creators",4
6177,"Member Rozier, Jean F. (4357) is indicated by bib number but does not appear in creators",5
6177,"Member Rozier, Jean F. (4357) appears in members but not creators",4
5656,"Member Priestley, Joseph (4278) is indicated by bib number but does not appear in creators",5
5656,"Member Priestley, Joseph (4278) appears in members but not creators",4
6739,"Member Wharton, Samuel (4434) is indicated by bib number but does not appear in creators",5
6739,"Member Wharton, Samuel (4434) appears in members but not creators",4
5313,"Member Vergennes, Charles G. (4258) is indicated by bib number but does not appear in creators",5
5313,"Member Vergennes, Charles G. (4258) appears in members but not creators",4
7034,"Member Alexander, James (d. 1756) (4666) is indicated by bib number but does not appear in creators",5
7034,"Member Alexander, James (d. 1756) (4666) appears in members but not creators",4
6804,"Member Smith, William (1727-1803), Provost (4609) is indicated by bib number but does not appear in creators",5
6804,"Member Smith, William (1727-1803), Provost (4609) appears in members but not creators",4
6803,"Member Smith, William (1727-1803), Provost (4609) is indicated by bib number but does not appear in creators",5
6803,"Member Smith, William (1727-1803), Provost (4609) appears in members but not creators",4
5967,"Member Patterson, Robert Sr. (4337) is indicated by bib number but does not appear in creators",5
5967,"Member Patterson, Robert Sr. (4337) appears in members but not creators",4
5974,"Member Patterson, Robert Sr. (4337) is indicated by bib number but does not appear in creators",5
5974,"Member Patterson, Robert Sr. (4337) appears in members but not creators",4
5378,"Member von Steuben, Friedrich W. (4301) is indicated by bib number but does not appear in creators",5
5378,"Member von Steuben, Friedrich W. (4301) appears in members but not creators",4
5379,"Member von Steuben, Friedrich W. (4301) is indicated by bib number but does not appear in creators",5
5379,"Member von Steuben, Friedrich W. (4301) appears in members but not creators",4
5386,"Member von Steuben, Friedrich W. (4301) is indicated by bib number but does not appear in creators",5
5386,"Member von Steuben, Friedrich W. (4301) appears in members but not creators",4
5858,"Member Jefferson, Thomas (4311) is indicated by bib number but does not appear in creators",5
5858,"Member Jefferson, Thomas (4311) appears in members but not creators",4
6209,"Member Wilson, James (4471) is indicated by bib number but does not appear in creators",5
6209,"Member Wilson, James (4471) appears in members but not creators",4
5888,"Member Jefferson, Thomas (4311) is indicated by bib number but does not appear in creators",5
5888,"Member Jefferson, Thomas (4311) appears in members but not creators",4
6354,"Member Clark, Daniel (4442) is indicated by bib number but does not appear in creators",5
6354,"Member Clark, Daniel (4442) appears in members but not creators",4
5860,"Member Jefferson, Thomas (4311) is indicated by bib number but does not appear in creators",5
5860,"Member Jefferson, Thomas (4311) appears in members but not creators",4
6409,"Member Rush, Benjamin (4614) is indicated by bib number but does not appear in creators",5
6409,"Member Rush, Benjamin (4614) appears in members but not creators",4
5855,"Member Jefferson, Thomas (4311) is indicated by bib number but does not appear in creators",5
5855,"Member Jefferson, Thomas (4311) appears in members but not creators",4
5374,"Member von Steuben, Friedrich W. (4301) is indicated by bib number but does not appear in creators",5
5374,"Member von Steuben, Friedrich W. (4301) appears in members but not creators",4
5902,"Member Washington, George (4294) is indicated by bib number but does not appear in creators",5
5902,"Member Washington, George (4294) appears in members but not creators",4
6775,"Member Du Simitière, Pierre Eugène (4583) is indicated by bib number but does not appear in creators",5
6775,"Member Du Simitière, Pierre Eugène (4583) appears in members but not creators",4
5815,"Member Jefferson, Thomas (4311) is indicated by bib number but does not appear in creators",5
5815,"Member Jefferson, Thomas (4311) appears in members but not creators",4
6249,"Member Dickinson, John (4596) is indicated by bib number but does not appear in creators",5
6249,"Member Dickinson, John (4596) appears in members but not creators",4
6258,"Member Dickinson, John (4596) is indicated by bib number but does not appear in creators",5
6258,"Member Dickinson, John (4596) appears in members but not creators",4
5825,"Member Jefferson, Thomas (4311) is indicated by bib number but does not appear in creators",5
5825,"Member Jefferson, Thomas (4311) appears in members but not creators",4
5841,"Member Jefferson, Thomas (4311) is indicated by bib number but does not appear in creators",5
5841,"Member Jefferson, Thomas (4311) appears in members but not creators",4
5842,"Member Jefferson, Thomas (4311) is indicated by bib number but does not appear in creators",5
5842,"Member Jefferson, Thomas (4311) appears in members but not creators",4
5843,"Member Jefferson, Thomas (4311) is indicated by bib number but does not appear in creators",5
5843,"Member Jefferson, Thomas (4311) appears in members but not creators",4
5844,"Member Jefferson, Thomas (4311) is indicated by bib number but does not appear in creators",5
5844,"Member Jefferson, Thomas (4311) appears in members but not creators",4
5845,"Member Jefferson, Thomas (4311) is indicated by bib number but does not appear in creators",5
5845,"Member Jefferson, Thomas (4311) appears in members but not creators",4
5595,"Member Madison, James (4276) is indicated by bib number but does not appear in creators",5
5595,"Member Madison, James (4276) appears in members but not creators",4
5851,"Member Jefferson, Thomas (4311) is indicated by bib number but does not appear in creators",5
5851,"Member Jefferson, Thomas (4311) appears in members but not creators",4
6597,"Member Hopkinson, Francis (4580) is indicated by bib number but does not appear in creators",5
6597,"Member Hopkinson, Francis (4580) appears in members but not creators",4
5881,"Member Jefferson, Thomas (4311) is indicated by bib number but does not appear in creators",5
5881,"Member Jefferson, Thomas (4311) appears in members but not creators",4
5903,"Member Washington, George (4294) is indicated by bib number but does not appear in creators",5
5903,"Member Washington, George (4294) appears in members but not creators",4
5904,"Member Washington, George (4294) is indicated by bib number but does not appear in creators",5
5904,"Member Washington, George (4294) appears in members but not creators",4
5892,"Member Washington, George (4294) is indicated by bib number but does not appear in creators",5
5892,"Member Washington, George (4294) appears in members but not creators",4
5893,"Member Washington, George (4294) is indicated by bib number but does not appear in creators",5
5893,"Member Washington, George (4294) appears in members but not creators",4
5899,"Member Washington, George (4294) is indicated by bib number but does not appear in creators",5
5899,"Member Washington, George (4294) appears in members but not creators",4
5900,"Member Washington, George (4294) is indicated by bib number but does not appear in creators",5
5900,"Member Washington, George (4294) appears in members but not creators",4
5901,"Member Washington, George (4294) is indicated by bib number but does not appear in creators",5
5901,"Member Washington, George (4294) appears in members but not creators",4
5829,"Member Adams, John (4296) appears in members but is not accounted for in bib_number 380",2
5829,"Member Jefferson, Thomas (4311) is indicated by bib number but does not appear in creators",5
5829,"Member Adams, John (4296) appears in members but not creators",4
5829,"Member Jefferson, Thomas (4311) appears in members but not creators",4
6321,"Member Adams, John (4296) appears in members but is not accounted for in bib_number 451",2
6321,"Member McHenry, James (4279) is indicated by bib number but does not appear in creators",5
6321,"Member Adams, John (4296) appears in members but not creators",4
6321,"Member McHenry, James (4279) appears in members but not creators",4
6323,"Member Adams, John (4296) appears in members but is not accounted for in bib_number 451",2
6323,"Member McHenry, James (4279) is indicated by bib number but does not appear in creators",5
6323,"Member Adams, John (4296) appears in members but not creators",4
6323,"Member McHenry, James (4279) appears in members but not creators",4
6798,"Member Mifflin, Thomas (4599) is indicated by bib number but does not appear in creators",5
6798,"Member Mifflin, Thomas (4599) appears in members but not creators",4
5882,"Member Jefferson, Thomas (4311) is indicated by bib number but does not appear in creators",5
5882,"Member Jefferson, Thomas (4311) appears in members but not creators",4
5883,"Member Jefferson, Thomas (4311) is indicated by bib number but does not appear in creators",5
5883,"Member Jefferson, Thomas (4311) appears in members but not creators",4
5884,"Member Jefferson, Thomas (4311) is indicated by bib number but does not appear in creators",5
5884,"Member Jefferson, Thomas (4311) appears in members but not creators",4
5887,"Member Jefferson, Thomas (4311) is indicated by bib number but does not appear in creators",5
5887,"Member Jefferson, Thomas (4311) appears in members but not creators",4
5848,"Member Jefferson, Thomas (4311) is indicated by bib number but does not appear in creators",5
5848,"Member Jefferson, Thomas (4311) appears in members but not creators",4
5852,"Member Jefferson, Thomas (4311) is indicated by bib number but does not appear in creators",5
5852,"Member Jefferson, Thomas (4311) appears in members but not creators",4
5853,"Member Jefferson, Thomas (4311) is indicated by bib number but does not appear in creators",5
5853,"Member Jefferson, Thomas (4311) appears in members but not creators",4
5854,"Member Jefferson, Thomas (4311) is indicated by bib number but does not appear in creators",5
5854,"Member Jefferson, Thomas (4311) appears in members but not creators",4
5856,"Member Jefferson, Thomas (4311) is indicated by bib number but does not appear in creators",5
5856,"Member Jefferson, Thomas (4311) appears in members but not creators",4
5857,"Member Jefferson, Thomas (4311) is indicated by bib number but does not appear in creators",5
5857,"Member Jefferson, Thomas (4311) appears in members but not creators",4
5862,"Member Jefferson, Thomas (4311) is indicated by bib number but does not appear in creators",5
5862,"Member Jefferson, Thomas (4311) appears in members but not creators",4
5863,"Member Jefferson, Thomas (4311) is indicated by bib number but does not appear in creators",5
5863,"Member Jefferson, Thomas (4311) appears in members but not creators",4
5864,"Member Jefferson, Thomas (4311) is indicated by bib number but does not appear in creators",5
5864,"Member Jefferson, Thomas (4311) appears in members but not creators",4
5869,"Member Jefferson, Thomas (4311) is indicated by bib number but does not appear in creators",5
5869,"Member Jefferson, Thomas (4311) appears in members but not creators",4
5820,"Member Jefferson, Thomas (4311) is indicated by bib number but does not appear in creators",5
5820,"Member Jefferson, Thomas (4311) appears in members but not creators",4
5821,"Member Jefferson, Thomas (4311) is indicated by bib number but does not appear in creators",5
5821,"Member Jefferson, Thomas (4311) appears in members but not creators",4
5947,"Member Jefferson, Thomas (4311) appears in members but is not accounted for in bib_number 406",2
5947,"Member Patterson, Robert Sr. (4337) is indicated by bib number but does not appear in creators",5
5947,"Member Jefferson, Thomas (4311) appears in members but not creators",4
5947,"Member Patterson, Robert Sr. (4337) appears in members but not creators",4
5948,"Member Jefferson, Thomas (4311) appears in members but is not accounted for in bib_number 406",2
5948,"Member Patterson, Robert Sr. (4337) is indicated by bib number but does not appear in creators",5
5948,"Member Jefferson, Thomas (4311) appears in members but not creators",4
5948,"Member Patterson, Robert Sr. (4337) appears in members but not creators",4
5949,"Member Jefferson, Thomas (4311) appears in members but is not accounted for in bib_number 406",2
5949,"Member Patterson, Robert Sr. (4337) is indicated by bib number but does not appear in creators",5
5949,"Member Jefferson, Thomas (4311) appears in members but not creators",4
5949,"Member Patterson, Robert Sr. (4337) appears in members but not creators",4
5945,"Member Madison, James (4276) appears in members but is not accounted for in bib_number 406",2
5945,"Member Patterson, Robert Sr. (4337) is indicated by bib number but does not appear in creators",5
5945,"Member Madison, James (4276) appears in members but not creators",4
5945,"Member Patterson, Robert Sr. (4337) appears in members but not creators",4
5946,"Member Madison, James (4276) appears in members but is not accounted for in bib_number 406",2
5946,"Member Patterson, Robert Sr. (4337) is indicated by bib number but does not appear in creators",5
5946,"Member Madison, James (4276) appears in members but not creators",4
5946,"Member Patterson, Robert Sr. (4337) appears in members but not creators",4
5951,"Member Madison, James (4276) appears in members but is not accounted for in bib_number 406",2
5951,"Member Patterson, Robert Sr. (4337) is indicated by bib number but does not appear in creators",5
5951,"Member Madison, James (4276) appears in members but not creators",4
5951,"Member Patterson, Robert Sr. (4337) appears in members but not creators",4
5953,"Member Madison, James (4276) appears in members but is not accounted for in bib_number 406",2
5953,"Member Patterson, Robert Sr. (4337) is indicated by bib number but does not appear in creators",5
5953,"Member Madison, James (4276) appears in members but not creators",4
5953,"Member Patterson, Robert Sr. (4337) appears in members but not creators",4
5954,"Member Madison, James (4276) appears in members but is not accounted for in bib_number 406",2
5954,"Member Rush, Benjamin (4614) appears in members but is not accounted for in bib_number 406",2
5954,"Member Patterson, Robert Sr. (4337) is indicated by bib number but does not appear in creators",5
5954,"Member Madison, James (4276) appears in members but not creators",4
5954,"Member Patterson, Robert Sr. (4337) appears in members but not creators",4
5954,"Member Rush, Benjamin (4614) appears in members but not creators",4
5955,"Member Madison, James (4276) appears in members but is not accounted for in bib_number 406",2
5955,"Member Rush, Benjamin (4614) appears in members but is not accounted for in bib_number 406",2
5955,"Member Patterson, Robert Sr. (4337) is indicated by bib number but does not appear in creators",5
5955,"Member Madison, James (4276) appears in members but not creators",4
5955,"Member Patterson, Robert Sr. (4337) appears in members but not creators",4
5955,"Member Rush, Benjamin (4614) appears in members but not creators",4
5956,"Member Madison, James (4276) appears in members but is not accounted for in bib_number 406",2
5956,"Member Rush, Benjamin (4614) appears in members but is not accounted for in bib_number 406",2
5956,"Member Patterson, Robert Sr. (4337) is indicated by bib number but does not appear in creators",5
5956,"Member Madison, James (4276) appears in members but not creators",4
5956,"Member Patterson, Robert Sr. (4337) appears in members but not creators",4
5956,"Member Rush, Benjamin (4614) appears in members but not creators",4
5957,"Member Madison, James (4276) appears in members but is not accounted for in bib_number 406",2
5957,"Member Patterson, Robert Sr. (4337) is indicated by bib number but does not appear in creators",5
5957,"Member Madison, James (4276) appears in members but not creators",4
5957,"Member Patterson, Robert Sr. (4337) appears in members but not creators",4
5958,"Member Madison, James (4276) appears in members but is not accounted for in bib_number 406",2
5958,"Member Patterson, Robert Sr. (4337) is indicated by bib number but does not appear in creators",5
5958,"Member Madison, James (4276) appears in members but not creators",4
5958,"Member Patterson, Robert Sr. (4337) appears in members but not creators",4
5950,"Member Patterson, Robert Sr. (4337) is indicated by bib number but does not appear in creators",5
5950,"Member Patterson, Robert Sr. (4337) appears in members but not creators",4
5952,"Member Patterson, Robert Sr. (4337) is indicated by bib number but does not appear in creators",5
5952,"Member Patterson, Robert Sr. (4337) appears in members but not creators",4
5824,"Member Jefferson, Thomas (4311) is indicated by bib number but does not appear in creators",5
5824,"Member Jefferson, Thomas (4311) appears in members but not creators",4
5372,"Member von Steuben, Friedrich W. (4301) is indicated by bib number but does not appear in creators",5
5372,"Member von Steuben, Friedrich W. (4301) appears in members but not creators",4
5267,"Member Daubenton, Louis J.M. (4343) is indicated by bib number but does not appear in creators",5
5267,"Member Daubenton, Louis J.M. (4343) appears in members but not creators",4
5178,"Member Macquer, Pierre J. (4352) is indicated by bib number but does not appear in creators",5
5178,"Member Macquer, Pierre J. (4352) appears in members but not creators",4
6753,"Member Cirillo, Domenico Maria Leone (4509) is indicated by bib number but does not appear in creators",5
6753,"Member Cirillo, Domenico Maria Leone (4509) appears in members but not creators",4
5871,"Member Jefferson, Thomas (4311) is indicated by bib number but does not appear in creators",5
5871,"Member Jefferson, Thomas (4311) appears in members but not creators",4
5814,"Member Jefferson, Thomas (4311) is indicated by bib number but does not appear in creators",5
5814,"Member Jefferson, Thomas (4311) appears in members but not creators",4
5600,"Member Madison, James (4276) is indicated by bib number but does not appear in creators",5
5600,"Member Madison, James (4276) appears in members but not creators",4
5833,"Member Jefferson, Thomas (4311) is indicated by bib number but does not appear in creators",5
5833,"Member Jefferson, Thomas (4311) appears in members but not creators",4
5612,"Member Madison, James (4276) is indicated by bib number but does not appear in creators",5
5612,"Member Madison, James (4276) appears in members but not creators",4
5613,"Member Madison, James (4276) is indicated by bib number but does not appear in creators",5
5613,"Member Madison, James (4276) appears in members but not creators",4
5614,"Member Madison, James (4276) is indicated by bib number but does not appear in creators",5
5614,"Member Madison, James (4276) appears in members but not creators",4
5846,"Member Jefferson, Thomas (4311) is indicated by bib number but does not appear in creators",5
5846,"Member Jefferson, Thomas (4311) appears in members but not creators",4
6781,"Member Shippen, Edward III (4574) is indicated by bib number but does not appear in creators",5
6781,"Member Shippen, Edward III (4574) appears in members but not creators",4
6801,"Member Allen, William (4618) is indicated by bib number but does not appear in creators",5
6801,"Member Allen, William (4618) appears in members but not creators",4
6734,"Member Wharton, Samuel (4434) is indicated by bib number but does not appear in creators",5
6734,"Member Wharton, Samuel (4434) appears in members but not creators",4
6733,"Member Wharton, Samuel (4434) is indicated by bib number but does not appear in creators",5
6733,"Member Wharton, Samuel (4434) appears in members but not creators",4
6164,"Member Washington, George (4294) appears in members but is not accounted for in bib_number 264",2
5700,"Member Priestley, Joseph (4278) is indicated by bib number but does not appear in creators",5
5700,"Member Priestley, Joseph (4278) appears in members but not creators",4
5995,"Member Price, Richard (4288) is indicated by bib number but does not appear in creators",5
5995,"Member Price, Richard (4288) appears in members but not creators",4
6536,"Member Mayer, Christian (4495) is indicated by bib number but does not appear in creators",5
6536,"Member Mayer, Christian (4495) appears in members but not creators",4
7775,Member matching this bib number does not exist: Publication,1
7777,Member matching this bib number does not exist: Publication,1
7778,Member matching this bib number does not exist: Publication,1
7778,"Member Washington, George (4294) appears in members but not creators",4
7779,Member matching this bib number does not exist: Publication,1
7780,Member matching this bib number does not exist: Publication,1
7781,Member matching this bib number does not exist: Publication,1
7776,Member matching this bib number does not exist: Publication,1
6613,"Member Miles, Samuel (4489) is indicated by bib number but does not appear in creators",5
6613,"Member Miles, Samuel (4489) appears in members but not creators",4
5913,"Member Coste, Jean F. (4327) is indicated by bib number but does not appear in creators",5
5913,"Member Coste, Jean F. (4327) appears in members but not creators",4
6286,"Member Kosciusko, Thaddeus (4268) is indicated by bib number but does not appear in creators",5
6286,"Member Kosciusko, Thaddeus (4268) appears in members but not creators",4
6937,"Member Ewing, John (4639) is indicated by bib number but does not appear in creators",5
6937,"Member Ewing, John (4639) appears in members but not creators",4
6596,"Member Wilson, James (4471) appears in members but is not accounted for in bib_number 155",2
6596,"Member Hopkinson, Francis (4580) is indicated by bib number but does not appear in creators",5
6596,"Member Hopkinson, Francis (4580) appears in members but not creators",4
6967,"Member Wister, Daniel (4700) is indicated by bib number but does not appear in creators",5
6967,"Member Wister, Daniel (4700) appears in members but not creators",4
5937,"Member Workman, Benjamin (4286) appears in members but is not accounted for in bib_number 406",2
5937,"Member Patterson, Robert Sr. (4337) is indicated by bib number but does not appear in creators",5
5937,"Member Patterson, Robert Sr. (4337) appears in members but not creators",4
7035,"Member Alexander, James (d. 1756) (4666) is indicated by bib number but does not appear in creators",5
7035,"Member Alexander, James (d. 1756) (4666) appears in members but not creators",4
6778,"Member Peters, Richard (4586) is indicated by bib number but does not appear in creators",5
6778,"Member Peters, Richard (4586) appears in members but not creators",4
6925,"Member Wilson, James (4471) appears in members but is not accounted for in bib_number 137",2
6736,"Member Franklin, Benjamin (4249) appears in members but is not accounted for in bib_number 260",2
6736,"Member Paine, Thomas (4252) appears in members but is not accounted for in bib_number 260",2
6736,"Member Franklin, Benjamin (4249) appears in members but not creators",4
6736,"Member Paine, Thomas (4252) appears in members but not creators",4
7021,"Member Franklin, William (4691) appears in members but is not accounted for in bib_number 27",2
7021,"Member Galloway, Joseph (4612) appears in members but is not accounted for in bib_number 27",2
7021,"Member Bryan, George (4657) is indicated by bib number but does not appear in creators",5
7021,"Member Bryan, George (4657) appears in members but not creators",4
7021,"Member Franklin, William (4691) appears in members but not creators",4
7021,"Member Galloway, Joseph (4612) appears in members but not creators",4
6320,"Member Adams, John (4296) appears in members but is not accounted for in bib_number 451",2
6976,"Member Hopkinson, Francis (4580) appears in members but is not accounted for in bib_number 56",2
6976,"Member Reed, Joseph (1741-1785) (4531) appears in members but is not accounted for in bib_number 56",2
6976,"Member Smith, William (1727-1803), Provost (4609) appears in members but is not accounted for in bib_number 56",2
6976,"Member Watts, Stephen (4572) appears in members but is not accounted for in bib_number 56",2
6976,"Member Reed, Joseph (1741-1785) (4531) appears in members but not creators",4
6976,"Member Smith, William (1727-1803), Provost (4609) appears in members but not creators",4
6976,"Member Watts, Stephen (4572) appears in members but not creators",4
6934,"Member Patterson, Robert Sr. (4337) appears in members but is not accounted for in bib_number 66",2
6934,"Member Rittenhouse, David (4606) appears in members but is not accounted for in bib_number 66",2
6934,"Member Patterson, Robert Sr. (4337) appears in members but not creators",4
6934,"Member Rittenhouse, David (4606) appears in members but not creators",4
